#node1	node2	node1_string_id	node2_string_id	neighborhood_on_chromosome	gene_fusion	phylogenetic_cooccurrence	homology	coexpression	experimentally_determined_interaction	database_annotated	automated_textmining	combined_score
BPSL0063	BPSL1020	272560.BPSL0063	272560.BPSL1020	0.044	0	0	0	0.077	0.085	0.900	0.086	0.912
BPSL0063	BPSS1466	272560.BPSL0063	272560.BPSS1466	0.044	0	0	0	0.077	0.085	0.900	0.086	0.912
BPSL0063	BPSL1550	272560.BPSL0063	272560.BPSL1550	0.044	0	0	0	0.077	0.085	0.900	0.086	0.912
BPSL0063	phbC	272560.BPSL0063	272560.BPSL1534	0	0	0	0	0	0	0.900	0.227	0.919
BPSL0063	BPSS1954	272560.BPSL0063	272560.BPSS1954	0	0	0	0	0	0	0.900	0.227	0.919
BPSL0063	scoA	272560.BPSL0063	272560.BPSL1955	0.178	0	0	0	0.179	0	0.900	0.223	0.940
BPSL0063	BPSL0649	272560.BPSL0063	272560.BPSL0649	0.113	0	0	0.606	0.331	0.087	0.900	0.128	0.944
BPSL0063	scoB	272560.BPSL0063	272560.BPSL1954	0.178	0	0	0	0.253	0.082	0.900	0.224	0.948
BPSL0063	BPSL1424	272560.BPSL0063	272560.BPSL1424	0.113	0	0.182	0.757	0.331	0.087	0.900	0.128	0.952
BPSL0063	EX14915_shovill|IOODPMLK_05119	272560.BPSL0063	272560.BPSS0275	0.117	0.027	0	0	0.723	0.791	0.123	0.129	0.953
BPSL0110	speG	272560.BPSL0110	272560.BPSL0096	0.043	0	0	0	0	0	0.900	0	0.900
BPSL0110	EX14915_shovill|IOODPMLK_05375	272560.BPSL0110	272560.BPSL2335	0.047	0	0	0	0	0	0.900	0.084	0.905
BPSL0110	EX14915_shovill|IOODPMLK_04529	272560.BPSL0110	272560.BPSS0468	0.047	0	0	0	0	0	0.900	0.084	0.905
BPSL0110	BPSS1151	272560.BPSL0110	272560.BPSS1151	0.076	0	0	0	0.110	0	0.900	0.098	0.915
BPSL0110	speB	272560.BPSL0110	272560.BPSS0474	0.079	0	0	0	0.057	0.083	0.908	0.129	0.924
BPSL0110	speE	272560.BPSL0110	272560.BPSL2954	0.076	0	0	0	0.260	0	0.900	0.231	0.940
BPSL0320	scrK	272560.BPSL0320	272560.BPSL0827	0	0	0.224	0.614	0	0	0.900	0.060	0.920
BPSL0320	EX14915_shovill|IOODPMLK_05681	272560.BPSL0320	272560.BPSL0840	0.122	0	0.157	0	0	0	0.900	0.186	0.931
BPSL0320	BPSS0542	272560.BPSL0320	272560.BPSS0542	0.180	0	0.202	0	0.078	0	0.900	0.310	0.950
BPSL0333	EX14915_shovill|IOODPMLK_04188	272560.BPSL0333	272560.BPSS0354	0	0	0	0	0.054	0	0.900	0	0.901
BPSL0333	BPSS0017	272560.BPSL0333	272560.BPSS0017	0	0	0	0	0.054	0	0.900	0	0.901
BPSL0333	adc	272560.BPSL0333	272560.BPSS0018	0	0	0.155	0	0	0	0.900	0	0.911
BPSL0333	scoB	272560.BPSL0333	272560.BPSL1954	0.122	0	0	0	0.249	0	0.900	0.127	0.934
BPSL0333	scoA	272560.BPSL0333	272560.BPSL1955	0.122	0	0	0	0.272	0	0.900	0.129	0.936
BPSL0419	EX14915_shovill|IOODPMLK_05119	272560.BPSL0419	272560.BPSS0275	0.117	0.118	0.199	0	0.723	0.791	0.542	0.129	0.981
BPSL0649	BPSL0063	272560.BPSL0649	272560.BPSL0063	0.113	0	0	0.606	0.331	0.087	0.900	0.128	0.944
BPSL0649	scoA	272560.BPSL0649	272560.BPSL1955	0.178	0	0	0	0.179	0	0.900	0.223	0.940
BPSL0649	BPSL1424	272560.BPSL0649	272560.BPSL1424	0.113	0	0	0.607	0.331	0.087	0.900	0.128	0.944
BPSL0649	scoB	272560.BPSL0649	272560.BPSL1954	0.178	0	0	0	0.253	0.082	0.900	0.224	0.948
BPSL0649	EX14915_shovill|IOODPMLK_05119	272560.BPSL0649	272560.BPSS0275	0.117	0	0.251	0	0.723	0.791	0.542	0.129	0.981
BPSL0818	BPSS1235	272560.BPSL0818	272560.BPSS1235	0.061	0	0.206	0	0.097	0	0.900	0.075	0.926
BPSL0818	EX14915_shovill|IOODPMLK_05681	272560.BPSL0818	272560.BPSL0840	0.077	0	0.245	0	0	0	0.900	0.441	0.955
BPSL1020	BPSL0063	272560.BPSL1020	272560.BPSL0063	0.044	0	0	0	0.077	0.085	0.900	0.086	0.912
BPSL1020	BPSL2336	272560.BPSL1020	272560.BPSL2336	0.046	0	0	0	0.053	0	0.800	0.053	0.805
BPSL1020	BPSS0469	272560.BPSL1020	272560.BPSS0469	0.046	0	0	0	0.053	0	0.800	0.053	0.805
BPSL1020	EX14915_shovill|IOODPMLK_05375	272560.BPSL1020	272560.BPSL2335	0.043	0	0	0	0	0	0.900	0	0.900
BPSL1020	EX14915_shovill|IOODPMLK_04529	272560.BPSL1020	272560.BPSS0468	0.043	0.001	0	0	0	0	0.900	0	0.900
BPSL1020	BPSS1466	272560.BPSL1020	272560.BPSS1466	0	0	0.158	0.667	0	0	0.900	0	0.912
BPSL1020	BPSL1550	272560.BPSL1020	272560.BPSL1550	0	0	0.172	0.820	0	0	0.900	0	0.913
BPSL1424	BPSL0063	272560.BPSL1424	272560.BPSL0063	0.113	0	0.182	0.757	0.331	0.087	0.900	0.128	0.952
BPSL1424	BPSL0649	272560.BPSL1424	272560.BPSL0649	0.113	0	0	0.607	0.331	0.087	0.900	0.128	0.944
BPSL1424	scoA	272560.BPSL1424	272560.BPSL1955	0.178	0	0	0	0.179	0	0.900	0.223	0.940
BPSL1424	scoB	272560.BPSL1424	272560.BPSL1954	0.178	0	0	0	0.253	0.082	0.900	0.224	0.948
BPSL1424	EX14915_shovill|IOODPMLK_05119	272560.BPSL1424	272560.BPSS0275	0.117	0.089	0.201	0	0.723	0.791	0.123	0.129	0.963
BPSL1550	BPSL0063	272560.BPSL1550	272560.BPSL0063	0.044	0	0	0	0.077	0.085	0.900	0.086	0.912
BPSL1550	BPSL1020	272560.BPSL1550	272560.BPSL1020	0	0	0.172	0.820	0	0	0.900	0	0.913
BPSL1550	BPSS0469	272560.BPSL1550	272560.BPSS0469	0.046	0	0	0	0.053	0	0.800	0.053	0.805
BPSL1550	BPSL2336	272560.BPSL1550	272560.BPSL2336	0.046	0	0	0	0.053	0	0.800	0.053	0.805
BPSL1550	EX14915_shovill|IOODPMLK_05375	272560.BPSL1550	272560.BPSL2335	0.043	0	0	0	0	0	0.900	0	0.900
BPSL1550	EX14915_shovill|IOODPMLK_04529	272560.BPSL1550	272560.BPSS0468	0.043	0.001	0	0	0	0	0.900	0	0.900
BPSL1550	BPSS1466	272560.BPSL1550	272560.BPSS1466	0	0	0.192	0.640	0	0	0.900	0	0.915
BPSL1813	BPSL1897	272560.BPSL1813	272560.BPSL1897	0.077	0	0.605	0	0.346	0	0	0	0.740
BPSL1813	BPSL1891	272560.BPSL1813	272560.BPSL1891	0.076	0	0.321	0.617	0.588	0	0	0.128	0.744
BPSL1813	BPSS2187	272560.BPSL1813	272560.BPSS2187	0.102	0	0.716	0	0	0	0	0.089	0.747
BPSL1813	BPSL1895	272560.BPSL1813	272560.BPSL1895	0.048	0	0.758	0	0	0	0	0	0.759
BPSL1813	BPSS2188	272560.BPSL1813	272560.BPSS2188	0.122	0	0.704	0	0.345	0	0	0	0.814
BPSL1813	BPSS2190	272560.BPSL1813	272560.BPSS2190	0.101	0	0.765	0	0.343	0	0	0.149	0.866
BPSL1813	EX14915_shovill|IOODPMLK_03081	272560.BPSL1813	272560.BPSL1896	0.078	0	0.721	0	0.498	0	0	0.130	0.872
BPSL1813	BPSL1893	272560.BPSL1813	272560.BPSL1893	0.078	0	0.774	0	0.406	0	0	0.132	0.878
BPSL1813	BPSL1894	272560.BPSL1813	272560.BPSL1894	0.078	0	0.757	0	0.454	0	0	0.128	0.879
BPSL1813	BPSS2195	272560.BPSL1813	272560.BPSS2195	0.078	0	0.773	0	0.454	0	0	0.128	0.887
BPSL1813	EX14915_shovill|IOODPMLK_00469	272560.BPSL1813	272560.BPSS2189	0.078	0	0.773	0	0.498	0	0	0.130	0.896
BPSL1813	BPSL1892	272560.BPSL1813	272560.BPSL1892	0.078	0	0.769	0	0.619	0	0	0.131	0.920
BPSL1813	BPSS2197	272560.BPSL1813	272560.BPSS2197	0.078	0	0.774	0	0.619	0	0	0.131	0.921
BPSL1890	BPSL1895	272560.BPSL1890	272560.BPSL1895	0.583	0	0.532	0	0.168	0	0	0	0.824
BPSL1890	BPSL1897	272560.BPSL1890	272560.BPSL1897	0.411	0	0.706	0	0.085	0	0	0.065	0.832
BPSL1890	BPSL1893	272560.BPSL1890	272560.BPSL1893	0.789	0	0.294	0	0.157	0	0	0.125	0.876
BPSL1890	EX14915_shovill|IOODPMLK_03081	272560.BPSL1890	272560.BPSL1896	0.492	0	0.739	0	0.277	0	0	0.142	0.906
BPSL1890	BPSL1891	272560.BPSL1890	272560.BPSL1891	0.805	0	0.655	0	0.112	0	0	0.080	0.937
BPSL1890	BPSL1894	272560.BPSL1890	272560.BPSL1894	0.789	0	0.757	0	0.174	0	0	0.135	0.958
BPSL1890	BPSL1892	272560.BPSL1890	272560.BPSL1892	0.789	0	0.712	0	0.366	0	0	0.142	0.962
BPSL1891	BPSL1813	272560.BPSL1891	272560.BPSL1813	0.076	0	0.321	0.617	0.588	0	0	0.128	0.744
BPSL1891	BPSL1890	272560.BPSL1891	272560.BPSL1890	0.805	0	0.655	0	0.112	0	0	0.080	0.937
BPSL1891	BPSS2198	272560.BPSL1891	272560.BPSS2198	0.076	0	0.294	0.654	0.588	0	0	0.128	0.734
BPSL1891	BPSS2197	272560.BPSL1891	272560.BPSS2197	0.110	0	0.774	0	0	0	0	0	0.790
BPSL1891	BPSS2187	272560.BPSL1891	272560.BPSS2187	0.077	0	0.674	0	0.351	0	0	0.088	0.798
BPSL1891	BPSS2190	272560.BPSL1891	272560.BPSS2190	0.122	0	0.749	0	0.180	0	0	0.128	0.821
BPSL1891	BPSL1897	272560.BPSL1891	272560.BPSL1897	0.369	0	0.741	0	0.347	0	0	0.082	0.889
BPSL1891	EX14915_shovill|IOODPMLK_00469	272560.BPSL1891	272560.BPSS2189	0.110	0	0.769	0	0.462	0	0	0.125	0.890
BPSL1891	BPSS2195	272560.BPSL1891	272560.BPSS2195	0.110	0	0.771	0	0.497	0	0	0.125	0.898
BPSL1891	BPSL1895	272560.BPSL1891	272560.BPSL1895	0.594	0	0.770	0	0	0	0	0	0.902
BPSL1891	EX14915_shovill|IOODPMLK_03081	272560.BPSL1891	272560.BPSL1896	0.491	0	0.772	0	0.462	0	0	0.125	0.938
BPSL1891	BPSL1892	272560.BPSL1891	272560.BPSL1892	0.802	0	0.774	0	0	0	0	0	0.953
BPSL1891	BPSL1893	272560.BPSL1891	272560.BPSL1893	0.802	0	0.774	0	0.411	0	0	0.125	0.973
BPSL1891	BPSL1894	272560.BPSL1891	272560.BPSL1894	0.802	0	0.774	0	0.497	0	0	0.125	0.977
BPSL1892	BPSL1813	272560.BPSL1892	272560.BPSL1813	0.078	0	0.769	0	0.619	0	0	0.131	0.920
BPSL1892	BPSL1890	272560.BPSL1892	272560.BPSL1890	0.789	0	0.712	0	0.366	0	0	0.142	0.962
BPSL1892	BPSL1891	272560.BPSL1892	272560.BPSL1891	0.802	0	0.774	0	0	0	0	0	0.953
BPSL1892	BPSS2187	272560.BPSL1892	272560.BPSS2187	0.085	0	0.659	0	0.395	0	0	0.099	0.807
BPSL1892	BPSS2190	272560.BPSL1892	272560.BPSS2190	0.091	0	0.735	0	0.200	0	0	0.132	0.810
BPSL1892	EX14915_shovill|IOODPMLK_00469	272560.BPSL1892	272560.BPSS2189	0.076	0	0.762	0	0.489	0	0	0.128	0.888
BPSL1892	BPSL1895	272560.BPSL1892	272560.BPSL1895	0.583	0	0.769	0	0	0	0	0	0.899
BPSL1892	BPSS2195	272560.BPSL1892	272560.BPSS2195	0.076	0	0.767	0	0.547	0	0	0.127	0.903
BPSL1892	BPSL1897	272560.BPSL1892	272560.BPSL1897	0.363	0	0.757	0	0.400	0	0	0.082	0.903
BPSL1892	BPSS2198	272560.BPSL1892	272560.BPSS2198	0.078	0	0.771	0	0.619	0	0	0.131	0.920
BPSL1892	EX14915_shovill|IOODPMLK_03081	272560.BPSL1892	272560.BPSL1896	0.472	0	0.773	0	0.489	0	0	0.128	0.939
BPSL1892	BPSL1893	272560.BPSL1892	272560.BPSL1893	0.802	0	0.773	0	0.411	0	0	0.125	0.973
BPSL1892	BPSL1894	272560.BPSL1892	272560.BPSL1894	0.802	0	0.774	0	0.547	0	0	0.127	0.980
BPSL1893	BPSL1813	272560.BPSL1893	272560.BPSL1813	0.078	0	0.774	0	0.406	0	0	0.132	0.878
BPSL1893	BPSL1890	272560.BPSL1893	272560.BPSL1890	0.789	0	0.294	0	0.157	0	0	0.125	0.876
BPSL1893	BPSL1891	272560.BPSL1893	272560.BPSL1891	0.802	0	0.774	0	0.411	0	0	0.125	0.973
BPSL1893	BPSL1892	272560.BPSL1893	272560.BPSL1892	0.802	0	0.773	0	0.411	0	0	0.125	0.973
BPSL1893	BPSL1897	272560.BPSL1893	272560.BPSL1897	0.363	0	0.602	0	0.346	0	0	0.046	0.820
BPSL1893	BPSS2190	272560.BPSL1893	272560.BPSS2190	0.078	0	0.741	0	0.357	0	0	0.129	0.848
BPSL1893	BPSS2195	272560.BPSL1893	272560.BPSS2195	0.076	0	0.769	0	0.327	0	0	0.124	0.857
BPSL1893	EX14915_shovill|IOODPMLK_00469	272560.BPSL1893	272560.BPSS2189	0.076	0	0.767	0	0.335	0	0	0.126	0.858
BPSL1893	BPSS2197	272560.BPSL1893	272560.BPSS2197	0.076	0	0.774	0	0.411	0	0	0.125	0.877
BPSL1893	BPSS2198	272560.BPSL1893	272560.BPSS2198	0.078	0	0.774	0	0.406	0	0	0.132	0.878
BPSL1893	BPSL1895	272560.BPSL1893	272560.BPSL1895	0.581	0.035	0.761	0	0	0	0	0	0.896
BPSL1893	EX14915_shovill|IOODPMLK_03081	272560.BPSL1893	272560.BPSL1896	0.472	0	0.760	0	0.335	0	0	0.126	0.916
BPSL1893	BPSL1894	272560.BPSL1893	272560.BPSL1894	0.802	0	0.769	0	0.327	0	0	0.124	0.969
BPSL1894	BPSL1813	272560.BPSL1894	272560.BPSL1813	0.078	0	0.757	0	0.454	0	0	0.128	0.879
BPSL1894	BPSL1890	272560.BPSL1894	272560.BPSL1890	0.789	0	0.757	0	0.174	0	0	0.135	0.958
BPSL1894	BPSL1891	272560.BPSL1894	272560.BPSL1891	0.802	0	0.774	0	0.497	0	0	0.125	0.977
BPSL1894	BPSL1892	272560.BPSL1894	272560.BPSL1892	0.802	0	0.774	0	0.547	0	0	0.127	0.980
BPSL1894	BPSL1893	272560.BPSL1894	272560.BPSL1893	0.802	0	0.769	0	0.327	0	0	0.124	0.969
BPSL1894	BPSS2187	272560.BPSL1894	272560.BPSS2187	0.104	0	0.643	0	0.350	0	0	0.129	0.794
BPSL1894	BPSS2190	272560.BPSL1894	272560.BPSS2190	0.091	0	0.690	0	0.347	0	0	0.131	0.818
BPSL1894	BPSS2198	272560.BPSL1894	272560.BPSS2198	0.078	0	0.766	0	0.454	0	0	0.128	0.883
BPSL1894	EX14915_shovill|IOODPMLK_00469	272560.BPSL1894	272560.BPSS2189	0.076	0	0.742	0	0.514	0	0	0.128	0.885
BPSL1894	BPSL1895	272560.BPSL1894	272560.BPSL1895	0.581	0	0.761	0	0	0	0	0	0.895
BPSL1894	BPSS2197	272560.BPSL1894	272560.BPSS2197	0.076	0	0.765	0	0.547	0	0	0.127	0.902
BPSL1894	BPSL1897	272560.BPSL1894	272560.BPSL1897	0.378	0	0.739	0	0.480	0	0	0.062	0.910
BPSL1894	EX14915_shovill|IOODPMLK_03081	272560.BPSL1894	272560.BPSL1896	0.472	0	0.773	0	0.514	0	0	0.128	0.942
BPSL1895	BPSL1813	272560.BPSL1895	272560.BPSL1813	0.048	0	0.758	0	0	0	0	0	0.759
BPSL1895	BPSL1890	272560.BPSL1895	272560.BPSL1890	0.583	0	0.532	0	0.168	0	0	0	0.824
BPSL1895	BPSL1891	272560.BPSL1895	272560.BPSL1891	0.594	0	0.770	0	0	0	0	0	0.902
BPSL1895	BPSL1892	272560.BPSL1895	272560.BPSL1892	0.583	0	0.769	0	0	0	0	0	0.899
BPSL1895	BPSL1893	272560.BPSL1895	272560.BPSL1893	0.581	0.035	0.761	0	0	0	0	0	0.896
BPSL1895	BPSL1894	272560.BPSL1895	272560.BPSL1894	0.581	0	0.761	0	0	0	0	0	0.895
BPSL1895	BPSS2195	272560.BPSL1895	272560.BPSS2195	0	0	0.710	0	0	0	0	0	0.710
BPSL1895	BPSS2198	272560.BPSL1895	272560.BPSS2198	0.048	0	0.752	0	0	0	0	0	0.753
BPSL1895	BPSS2197	272560.BPSL1895	272560.BPSS2197	0.047	0	0.753	0	0	0	0	0	0.754
BPSL1895	EX14915_shovill|IOODPMLK_00469	272560.BPSL1895	272560.BPSS2189	0.062	0	0.755	0	0	0	0	0	0.760
BPSL1895	BPSL1897	272560.BPSL1895	272560.BPSL1897	0.435	0	0.662	0	0	0	0	0	0.800
BPSL1895	EX14915_shovill|IOODPMLK_03081	272560.BPSL1895	272560.BPSL1896	0.597	0	0.766	0	0	0	0	0	0.901
BPSL1897	BPSL1813	272560.BPSL1897	272560.BPSL1813	0.077	0	0.605	0	0.346	0	0	0	0.740
BPSL1897	BPSL1890	272560.BPSL1897	272560.BPSL1890	0.411	0	0.706	0	0.085	0	0	0.065	0.832
BPSL1897	BPSL1891	272560.BPSL1897	272560.BPSL1891	0.369	0	0.741	0	0.347	0	0	0.082	0.889
BPSL1897	BPSL1892	272560.BPSL1897	272560.BPSL1892	0.363	0	0.757	0	0.400	0	0	0.082	0.903
BPSL1897	BPSL1893	272560.BPSL1897	272560.BPSL1893	0.363	0	0.602	0	0.346	0	0	0.046	0.820
BPSL1897	BPSL1894	272560.BPSL1897	272560.BPSL1894	0.378	0	0.739	0	0.480	0	0	0.062	0.910
BPSL1897	BPSL1895	272560.BPSL1897	272560.BPSL1895	0.435	0	0.662	0	0	0	0	0	0.800
BPSL1897	EX14915_shovill|IOODPMLK_03081	272560.BPSL1897	272560.BPSL1896	0.589	0	0.690	0	0.441	0	0	0.058	0.924
BPSL1897	BPSS2198	272560.BPSL1897	272560.BPSS2198	0.077	0	0.550	0	0.346	0	0	0	0.704
BPSL1897	BPSS2197	272560.BPSL1897	272560.BPSS2197	0.069	0	0.547	0	0.400	0	0	0.082	0.736
BPSL1897	BPSS2195	272560.BPSL1897	272560.BPSS2195	0.091	0	0.538	0	0.480	0	0	0.062	0.767
BPSL2336	BPSL1020	272560.BPSL2336	272560.BPSL1020	0.046	0	0	0	0.053	0	0.800	0.053	0.805
BPSL2336	BPSL1550	272560.BPSL2336	272560.BPSL1550	0.046	0	0	0	0.053	0	0.800	0.053	0.805
BPSL2336	EX14915_shovill|IOODPMLK_05375	272560.BPSL2336	272560.BPSL2335	0.671	0.099	0.712	0	0	0	0	0	0.907
BPSL2336	EX14915_shovill|IOODPMLK_04529	272560.BPSL2336	272560.BPSS0468	0.061	0.099	0.713	0	0	0	0	0	0.736
BPSL2336	BPSS1466	272560.BPSL2336	272560.BPSS1466	0.046	0	0	0	0.053	0	0.800	0.053	0.805
BPSL2336	BPSS0307	272560.BPSL2336	272560.BPSS0307	0.046	0	0	0	0.053	0	0.800	0.053	0.805
BPSL2336	BPSS0469	272560.BPSL2336	272560.BPSS0469	0	0	0.047	0.991	0	0	0.900	0	0.900
BPSL2716	EX14915_shovill|IOODPMLK_04814	272560.BPSL2716	272560.BPSL1106	0	0	0.192	0	0	0	0.900	0	0.915
BPSL2716	phaZ	272560.BPSL2716	272560.BPSL2073	0	0	0	0	0	0	0.900	0.087	0.904
BPSL2716	BPSS0017	272560.BPSL2716	272560.BPSS0017	0	0	0	0	0	0	0.900	0	0.900
BPSL2716	EX14915_shovill|IOODPMLK_04188	272560.BPSL2716	272560.BPSS0354	0	0	0	0	0	0	0.900	0	0.900
BPSL3148	EX14915_shovill|IOODPMLK_01524	272560.BPSL3148	272560.BPSL3147	0.791	0	0.685	0	0	0	0	0.193	0.942
BPSL3148	EX14915_shovill|IOODPMLK_03176	272560.BPSL3148	272560.BPSS2331	0.121	0	0.691	0	0	0	0	0.193	0.761
BPSS0017	BPSL0333	272560.BPSS0017	272560.BPSL0333	0	0	0	0	0.054	0	0.900	0	0.901
BPSS0017	scoB	272560.BPSS0017	272560.BPSL1954	0.045	0	0	0	0.053	0.081	0.900	0.049	0.906
BPSS0017	scoA	272560.BPSS0017	272560.BPSL1955	0.045	0	0	0	0.042	0	0.900	0.046	0.901
BPSS0017	BPSL2716	272560.BPSS0017	272560.BPSL2716	0	0	0	0	0	0	0.900	0	0.900
BPSS0017	EX14915_shovill|IOODPMLK_04188	272560.BPSS0017	272560.BPSS0354	0	0	0.046	0.993	0	0	0.900	0	0.900
BPSS0017	adc	272560.BPSS0017	272560.BPSS0018	0.628	0	0.595	0	0	0	0.900	0	0.983
BPSS0307	EX14915_shovill|IOODPMLK_05375	272560.BPSS0307	272560.BPSL2335	0.043	0	0	0	0	0	0.900	0	0.900
BPSS0307	BPSL2336	272560.BPSS0307	272560.BPSL2336	0.046	0	0	0	0.053	0	0.800	0.053	0.805
BPSS0307	BPSS0469	272560.BPSS0307	272560.BPSS0469	0.046	0	0	0	0.053	0	0.800	0.053	0.805
BPSS0307	EX14915_shovill|IOODPMLK_04529	272560.BPSS0307	272560.BPSS0468	0.043	0.001	0	0	0	0	0.900	0	0.900
BPSS0469	BPSL1020	272560.BPSS0469	272560.BPSL1020	0.046	0	0	0	0.053	0	0.800	0.053	0.805
BPSS0469	BPSL1550	272560.BPSS0469	272560.BPSL1550	0.046	0	0	0	0.053	0	0.800	0.053	0.805
BPSS0469	EX14915_shovill|IOODPMLK_05375	272560.BPSS0469	272560.BPSL2335	0.061	0.099	0.707	0	0	0	0	0	0.730
BPSS0469	BPSL2336	272560.BPSS0469	272560.BPSL2336	0	0	0.047	0.991	0	0	0.900	0	0.900
BPSS0469	BPSS0307	272560.BPSS0469	272560.BPSS0307	0.046	0	0	0	0.053	0	0.800	0.053	0.805
BPSS0469	EX14915_shovill|IOODPMLK_04529	272560.BPSS0469	272560.BPSS0468	0.668	0.099	0.708	0	0	0	0	0	0.905
BPSS0469	BPSS1466	272560.BPSS0469	272560.BPSS1466	0.046	0	0	0	0.053	0	0.800	0.053	0.805
BPSS0542	BPSL0320	272560.BPSS0542	272560.BPSL0320	0.180	0	0.202	0	0.078	0	0.900	0.310	0.950
BPSS0542	scrK	272560.BPSS0542	272560.BPSL0827	0.077	0	0	0	0.078	0	0.900	0.128	0.915
BPSS0542	EX14915_shovill|IOODPMLK_05681	272560.BPSS0542	272560.BPSL0840	0	0	0	0	0	0	0.900	0.139	0.910
BPSS1151	speG	272560.BPSS1151	272560.BPSL0096	0.043	0	0	0	0	0	0.900	0.045	0.900
BPSS1151	BPSL0110	272560.BPSS1151	272560.BPSL0110	0.076	0	0	0	0.110	0	0.900	0.098	0.915
BPSS1151	EX14915_shovill|IOODPMLK_05375	272560.BPSS1151	272560.BPSL2335	0	0	0	0	0	0	0.900	0	0.900
BPSS1151	speE	272560.BPSS1151	272560.BPSL2954	0	0	0.243	0.611	0	0	0.900	0.061	0.922
BPSS1151	EX14915_shovill|IOODPMLK_04529	272560.BPSS1151	272560.BPSS0468	0	0	0	0	0	0	0.900	0	0.900
BPSS1151	speB	272560.BPSS1151	272560.BPSS0474	0.078	0	0	0	0.261	0	0.900	0.132	0.932
BPSS1235	BPSL0818	272560.BPSS1235	272560.BPSL0818	0.061	0	0.206	0	0.097	0	0.900	0.075	0.926
BPSS1235	dalK	272560.BPSS1235	272560.BPSL0839	0.061	0	0.197	0	0.097	0	0.900	0.075	0.925
BPSS1235	EX14915_shovill|IOODPMLK_05681	272560.BPSS1235	272560.BPSL0840	0.073	0	0	0	0	0	0.900	0.100	0.909
BPSS1235	BPSS2026	272560.BPSS1235	272560.BPSS2026	0.061	0	0.162	0	0.097	0	0.900	0.075	0.922
BPSS1235	xylB	272560.BPSS1235	272560.BPSS1238	0.777	0	0.224	0	0.097	0	0.900	0.075	0.983
BPSS1466	BPSL0063	272560.BPSS1466	272560.BPSL0063	0.044	0	0	0	0.077	0.085	0.900	0.086	0.912
BPSS1466	BPSL1020	272560.BPSS1466	272560.BPSL1020	0	0	0.158	0.667	0	0	0.900	0	0.912
BPSS1466	BPSL1550	272560.BPSS1466	272560.BPSL1550	0	0	0.192	0.640	0	0	0.900	0	0.915
BPSS1466	EX14915_shovill|IOODPMLK_05375	272560.BPSS1466	272560.BPSL2335	0.043	0	0	0	0	0	0.900	0	0.900
BPSS1466	BPSL2336	272560.BPSS1466	272560.BPSL2336	0.046	0	0	0	0.053	0	0.800	0.053	0.805
BPSS1466	EX14915_shovill|IOODPMLK_04529	272560.BPSS1466	272560.BPSS0468	0.043	0	0	0	0	0	0.900	0	0.900
BPSS1466	BPSS0469	272560.BPSS1466	272560.BPSS0469	0.046	0	0	0	0.053	0	0.800	0.053	0.805
BPSS1954	BPSL0063	272560.BPSS1954	272560.BPSL0063	0	0	0	0	0	0	0.900	0.227	0.919
BPSS1954	EX14915_shovill|IOODPMLK_04814	272560.BPSS1954	272560.BPSL1106	0.102	0	0.562	0	0	0	0.900	0.179	0.963
BPSS1954	phbC	272560.BPSS1954	272560.BPSL1534	0	0	0.201	0.781	0	0	0.900	0	0.916
BPSS1954	phaZ	272560.BPSS1954	272560.BPSL2073	0	0	0	0	0	0	0.900	0.124	0.908
BPSS1954	EX14915_shovill|IOODPMLK_00870	272560.BPSS1954	272560.BPSS2281	0.102	0	0.651	0	0	0	0	0.179	0.720
BPSS2026	EX14915_shovill|IOODPMLK_05681	272560.BPSS2026	272560.BPSL0840	0.077	0	0	0	0	0	0.900	0.441	0.943
BPSS2026	BPSS1235	272560.BPSS2026	272560.BPSS1235	0.061	0	0.162	0	0.097	0	0.900	0.075	0.922
BPSS2187	BPSL1813	272560.BPSS2187	272560.BPSL1813	0.102	0	0.716	0	0	0	0	0.089	0.747
BPSS2187	BPSL1891	272560.BPSS2187	272560.BPSL1891	0.077	0	0.674	0	0.351	0	0	0.088	0.798
BPSS2187	BPSL1892	272560.BPSS2187	272560.BPSL1892	0.085	0	0.659	0	0.395	0	0	0.099	0.807
BPSS2187	BPSL1894	272560.BPSS2187	272560.BPSL1894	0.104	0	0.643	0	0.350	0	0	0.129	0.794
BPSS2187	EX14915_shovill|IOODPMLK_03081	272560.BPSS2187	272560.BPSL1896	0.111	0	0.645	0	0.485	0	0	0.129	0.839
BPSS2187	BPSS2198	272560.BPSS2187	272560.BPSS2198	0.242	0	0.763	0	0	0	0	0.089	0.822
BPSS2187	BPSS2192	272560.BPSS2187	272560.BPSS2192	0.325	0	0.751	0	0.116	0	0	0.135	0.854
BPSS2187	BPSS2190	272560.BPSS2187	272560.BPSS2190	0.415	0	0.733	0	0.260	0	0	0.148	0.888
BPSS2187	BPSS2197	272560.BPSS2187	272560.BPSS2197	0.248	0	0.763	0	0.395	0	0	0.099	0.889
BPSS2187	BPSS2195	272560.BPSS2187	272560.BPSS2195	0.285	0	0.770	0	0.350	0	0	0.129	0.894
BPSS2187	BPSS2188	272560.BPSS2187	272560.BPSS2188	0.684	0	0.745	0	0	0	0	0	0.916
BPSS2187	EX14915_shovill|IOODPMLK_00469	272560.BPSS2187	272560.BPSS2189	0.559	0	0.770	0	0.485	0	0	0.129	0.948
BPSS2188	BPSL1813	272560.BPSS2188	272560.BPSL1813	0.122	0	0.704	0	0.345	0	0	0	0.814
BPSS2188	BPSS2187	272560.BPSS2188	272560.BPSS2187	0.684	0	0.745	0	0	0	0	0	0.916
BPSS2188	BPSS2190	272560.BPSS2188	272560.BPSS2190	0.470	0	0.681	0	0	0	0	0	0.824
BPSS2188	BPSS2195	272560.BPSS2188	272560.BPSS2195	0.314	0	0.750	0	0.180	0	0	0	0.847
BPSS2188	BPSS2192	272560.BPSS2188	272560.BPSS2192	0.398	0	0.662	0	0.320	0	0	0	0.849
BPSS2188	BPSS2197	272560.BPSS2188	272560.BPSS2197	0.288	0	0.748	0	0.321	0	0	0	0.867
BPSS2188	BPSS2198	272560.BPSS2188	272560.BPSS2198	0.273	0	0.756	0	0.345	0	0	0	0.873
BPSS2188	EX14915_shovill|IOODPMLK_00469	272560.BPSS2188	272560.BPSS2189	0.651	0	0.740	0	0.174	0	0	0	0.918
BPSS2190	BPSL1813	272560.BPSS2190	272560.BPSL1813	0.101	0	0.765	0	0.343	0	0	0.149	0.866
BPSS2190	BPSL1891	272560.BPSS2190	272560.BPSL1891	0.122	0	0.749	0	0.180	0	0	0.128	0.821
BPSS2190	BPSL1892	272560.BPSS2190	272560.BPSL1892	0.091	0	0.735	0	0.200	0	0	0.132	0.810
BPSS2190	BPSL1893	272560.BPSS2190	272560.BPSL1893	0.078	0	0.741	0	0.357	0	0	0.129	0.848
BPSS2190	BPSL1894	272560.BPSS2190	272560.BPSL1894	0.091	0	0.690	0	0.347	0	0	0.131	0.818
BPSS2190	EX14915_shovill|IOODPMLK_03081	272560.BPSS2190	272560.BPSL1896	0.078	0	0.730	0	0.499	0	0	0.131	0.877
BPSS2190	BPSS2187	272560.BPSS2190	272560.BPSS2187	0.415	0	0.733	0	0.260	0	0	0.148	0.888
BPSS2190	BPSS2188	272560.BPSS2190	272560.BPSS2188	0.470	0	0.681	0	0	0	0	0	0.824
BPSS2190	EX14915_shovill|IOODPMLK_00469	272560.BPSS2190	272560.BPSS2189	0.527	0	0.774	0	0.499	0	0	0.131	0.947
BPSS2190	BPSS2192	272560.BPSS2190	272560.BPSS2192	0.537	0	0.654	0	0.154	0	0	0.101	0.862
BPSS2190	BPSS2197	272560.BPSS2190	272560.BPSS2197	0.376	0	0.769	0	0.200	0	0	0.132	0.886
BPSS2190	BPSS2198	272560.BPSS2190	272560.BPSS2198	0.338	0	0.770	0	0.343	0	0	0.149	0.903
BPSS2190	BPSS2195	272560.BPSS2190	272560.BPSS2195	0.438	0	0.766	0	0.347	0	0	0.131	0.915
BPSS2192	BPSS2187	272560.BPSS2192	272560.BPSS2187	0.325	0	0.751	0	0.116	0	0	0.135	0.854
BPSS2192	BPSS2188	272560.BPSS2192	272560.BPSS2188	0.398	0	0.662	0	0.320	0	0	0	0.849
BPSS2192	EX14915_shovill|IOODPMLK_00469	272560.BPSS2192	272560.BPSS2189	0.393	0	0.733	0	0.401	0	0	0.058	0.896
BPSS2192	BPSS2190	272560.BPSS2192	272560.BPSS2190	0.537	0	0.654	0	0.154	0	0	0.101	0.862
BPSS2192	BPSS2198	272560.BPSS2192	272560.BPSS2198	0.466	0	0.598	0	0.348	0	0	0	0.847
BPSS2192	BPSS2197	272560.BPSS2192	272560.BPSS2197	0.554	0	0.606	0	0.347	0	0	0.082	0.880
BPSS2192	BPSS2195	272560.BPSS2192	272560.BPSS2195	0.660	0	0.709	0	0.397	0	0	0.062	0.936
BPSS2195	BPSL1813	272560.BPSS2195	272560.BPSL1813	0.078	0	0.773	0	0.454	0	0	0.128	0.887
BPSS2195	BPSL1891	272560.BPSS2195	272560.BPSL1891	0.110	0	0.771	0	0.497	0	0	0.125	0.898
BPSS2195	BPSL1892	272560.BPSS2195	272560.BPSL1892	0.076	0	0.767	0	0.547	0	0	0.127	0.903
BPSS2195	BPSL1893	272560.BPSS2195	272560.BPSL1893	0.076	0	0.769	0	0.327	0	0	0.124	0.857
BPSS2195	BPSL1895	272560.BPSS2195	272560.BPSL1895	0	0	0.710	0	0	0	0	0	0.710
BPSS2195	EX14915_shovill|IOODPMLK_03081	272560.BPSS2195	272560.BPSL1896	0.076	0	0.745	0	0.514	0	0	0.128	0.886
BPSS2195	BPSL1897	272560.BPSS2195	272560.BPSL1897	0.091	0	0.538	0	0.480	0	0	0.062	0.767
BPSS2195	BPSS2187	272560.BPSS2195	272560.BPSS2187	0.285	0	0.770	0	0.350	0	0	0.129	0.894
BPSS2195	BPSS2188	272560.BPSS2195	272560.BPSS2188	0.314	0	0.750	0	0.180	0	0	0	0.847
BPSS2195	EX14915_shovill|IOODPMLK_00469	272560.BPSS2195	272560.BPSS2189	0.324	0	0.774	0	0.514	0	0	0.128	0.926
BPSS2195	BPSS2190	272560.BPSS2195	272560.BPSS2190	0.438	0	0.766	0	0.347	0	0	0.131	0.915
BPSS2195	BPSS2192	272560.BPSS2195	272560.BPSS2192	0.660	0	0.709	0	0.397	0	0	0.062	0.936
BPSS2195	BPSS2198	272560.BPSS2195	272560.BPSS2198	0.515	0	0.774	0	0.454	0	0	0.128	0.940
BPSS2195	BPSS2197	272560.BPSS2195	272560.BPSS2197	0.640	0	0.774	0	0.547	0	0	0.127	0.963
BPSS2197	BPSL1813	272560.BPSS2197	272560.BPSL1813	0.078	0	0.774	0	0.619	0	0	0.131	0.921
BPSS2197	BPSL1891	272560.BPSS2197	272560.BPSL1891	0.110	0	0.774	0	0	0	0	0	0.790
BPSS2197	BPSL1893	272560.BPSS2197	272560.BPSL1893	0.076	0	0.774	0	0.411	0	0	0.125	0.877
BPSS2197	BPSL1894	272560.BPSS2197	272560.BPSL1894	0.076	0	0.765	0	0.547	0	0	0.127	0.902
BPSS2197	BPSL1895	272560.BPSS2197	272560.BPSL1895	0.047	0	0.753	0	0	0	0	0	0.754
BPSS2197	EX14915_shovill|IOODPMLK_03081	272560.BPSS2197	272560.BPSL1896	0.076	0	0.753	0	0.489	0	0	0.128	0.884
BPSS2197	BPSL1897	272560.BPSS2197	272560.BPSL1897	0.069	0	0.547	0	0.400	0	0	0.082	0.736
BPSS2197	BPSS2187	272560.BPSS2197	272560.BPSS2187	0.248	0	0.763	0	0.395	0	0	0.099	0.889
BPSS2197	BPSS2188	272560.BPSS2197	272560.BPSS2188	0.288	0	0.748	0	0.321	0	0	0	0.867
BPSS2197	EX14915_shovill|IOODPMLK_00469	272560.BPSS2197	272560.BPSS2189	0.288	0	0.774	0	0.489	0	0	0.128	0.918
BPSS2197	BPSS2190	272560.BPSS2197	272560.BPSS2190	0.376	0	0.769	0	0.200	0	0	0.132	0.886
BPSS2197	BPSS2192	272560.BPSS2197	272560.BPSS2192	0.554	0	0.606	0	0.347	0	0	0.082	0.880
BPSS2197	BPSS2195	272560.BPSS2197	272560.BPSS2195	0.640	0	0.774	0	0.547	0	0	0.127	0.963
BPSS2197	BPSS2198	272560.BPSS2197	272560.BPSS2198	0.618	0	0.774	0	0.619	0	0	0.131	0.967
BPSS2198	BPSL1891	272560.BPSS2198	272560.BPSL1891	0.076	0	0.294	0.654	0.588	0	0	0.128	0.734
BPSS2198	BPSL1892	272560.BPSS2198	272560.BPSL1892	0.078	0	0.771	0	0.619	0	0	0.131	0.920
BPSS2198	BPSL1893	272560.BPSS2198	272560.BPSL1893	0.078	0	0.774	0	0.406	0	0	0.132	0.878
BPSS2198	BPSL1894	272560.BPSS2198	272560.BPSL1894	0.078	0	0.766	0	0.454	0	0	0.128	0.883
BPSS2198	BPSL1895	272560.BPSS2198	272560.BPSL1895	0.048	0	0.752	0	0	0	0	0	0.753
BPSS2198	EX14915_shovill|IOODPMLK_03081	272560.BPSS2198	272560.BPSL1896	0.078	0	0.753	0	0.498	0	0	0.130	0.887
BPSS2198	BPSL1897	272560.BPSS2198	272560.BPSL1897	0.077	0	0.550	0	0.346	0	0	0	0.704
BPSS2198	BPSS2187	272560.BPSS2198	272560.BPSS2187	0.242	0	0.763	0	0	0	0	0.089	0.822
BPSS2198	BPSS2188	272560.BPSS2198	272560.BPSS2188	0.273	0	0.756	0	0.345	0	0	0	0.873
BPSS2198	EX14915_shovill|IOODPMLK_00469	272560.BPSS2198	272560.BPSS2189	0.257	0	0.774	0	0.498	0	0	0.130	0.916
BPSS2198	BPSS2190	272560.BPSS2198	272560.BPSS2190	0.338	0	0.770	0	0.343	0	0	0.149	0.903
BPSS2198	BPSS2192	272560.BPSS2198	272560.BPSS2192	0.466	0	0.598	0	0.348	0	0	0	0.847
BPSS2198	BPSS2195	272560.BPSS2198	272560.BPSS2195	0.515	0	0.774	0	0.454	0	0	0.128	0.940
BPSS2198	BPSS2197	272560.BPSS2198	272560.BPSS2197	0.618	0	0.774	0	0.619	0	0	0.131	0.967
EX14915_shovill|IOODPMLK_00469	BPSL1813	272560.BPSS2189	272560.BPSL1813	0.078	0	0.773	0	0.498	0	0	0.130	0.896
EX14915_shovill|IOODPMLK_00469	BPSL1891	272560.BPSS2189	272560.BPSL1891	0.110	0	0.769	0	0.462	0	0	0.125	0.890
EX14915_shovill|IOODPMLK_00469	BPSL1892	272560.BPSS2189	272560.BPSL1892	0.076	0	0.762	0	0.489	0	0	0.128	0.888
EX14915_shovill|IOODPMLK_00469	BPSL1893	272560.BPSS2189	272560.BPSL1893	0.076	0	0.767	0	0.335	0	0	0.126	0.858
EX14915_shovill|IOODPMLK_00469	BPSL1894	272560.BPSS2189	272560.BPSL1894	0.076	0	0.742	0	0.514	0	0	0.128	0.885
EX14915_shovill|IOODPMLK_00469	BPSL1895	272560.BPSS2189	272560.BPSL1895	0.062	0	0.755	0	0	0	0	0	0.760
EX14915_shovill|IOODPMLK_00469	BPSS2187	272560.BPSS2189	272560.BPSS2187	0.559	0	0.770	0	0.485	0	0	0.129	0.948
EX14915_shovill|IOODPMLK_00469	BPSS2188	272560.BPSS2189	272560.BPSS2188	0.651	0	0.740	0	0.174	0	0	0	0.918
EX14915_shovill|IOODPMLK_00469	BPSS2192	272560.BPSS2189	272560.BPSS2192	0.393	0	0.733	0	0.401	0	0	0.058	0.896
EX14915_shovill|IOODPMLK_00469	BPSS2198	272560.BPSS2189	272560.BPSS2198	0.257	0	0.774	0	0.498	0	0	0.130	0.916
EX14915_shovill|IOODPMLK_00469	BPSS2197	272560.BPSS2189	272560.BPSS2197	0.288	0	0.774	0	0.489	0	0	0.128	0.918
EX14915_shovill|IOODPMLK_00469	BPSS2195	272560.BPSS2189	272560.BPSS2195	0.324	0	0.774	0	0.514	0	0	0.128	0.926
EX14915_shovill|IOODPMLK_00469	BPSS2190	272560.BPSS2189	272560.BPSS2190	0.527	0	0.774	0	0.499	0	0	0.131	0.947
EX14915_shovill|IOODPMLK_00870	phbC	272560.BPSS2281	272560.BPSL1534	0.102	0	0.690	0	0	0	0	0.179	0.751
EX14915_shovill|IOODPMLK_00870	BPSS1954	272560.BPSS2281	272560.BPSS1954	0.102	0	0.651	0	0	0	0	0.179	0.720
EX14915_shovill|IOODPMLK_01524	BPSL3148	272560.BPSL3147	272560.BPSL3148	0.791	0	0.685	0	0	0	0	0.193	0.942
EX14915_shovill|IOODPMLK_03081	BPSL1813	272560.BPSL1896	272560.BPSL1813	0.078	0	0.721	0	0.498	0	0	0.130	0.872
EX14915_shovill|IOODPMLK_03081	BPSL1890	272560.BPSL1896	272560.BPSL1890	0.492	0	0.739	0	0.277	0	0	0.142	0.906
EX14915_shovill|IOODPMLK_03081	BPSL1891	272560.BPSL1896	272560.BPSL1891	0.491	0	0.772	0	0.462	0	0	0.125	0.938
EX14915_shovill|IOODPMLK_03081	BPSL1892	272560.BPSL1896	272560.BPSL1892	0.472	0	0.773	0	0.489	0	0	0.128	0.939
EX14915_shovill|IOODPMLK_03081	BPSL1893	272560.BPSL1896	272560.BPSL1893	0.472	0	0.760	0	0.335	0	0	0.126	0.916
EX14915_shovill|IOODPMLK_03081	BPSL1894	272560.BPSL1896	272560.BPSL1894	0.472	0	0.773	0	0.514	0	0	0.128	0.942
EX14915_shovill|IOODPMLK_03081	BPSL1895	272560.BPSL1896	272560.BPSL1895	0.597	0	0.766	0	0	0	0	0	0.901
EX14915_shovill|IOODPMLK_03081	BPSS2187	272560.BPSL1896	272560.BPSS2187	0.111	0	0.645	0	0.485	0	0	0.129	0.839
EX14915_shovill|IOODPMLK_03081	BPSS2190	272560.BPSL1896	272560.BPSS2190	0.078	0	0.730	0	0.499	0	0	0.131	0.877
EX14915_shovill|IOODPMLK_03081	BPSS2197	272560.BPSL1896	272560.BPSS2197	0.076	0	0.753	0	0.489	0	0	0.128	0.884
EX14915_shovill|IOODPMLK_03081	BPSS2195	272560.BPSL1896	272560.BPSS2195	0.076	0	0.745	0	0.514	0	0	0.128	0.886
EX14915_shovill|IOODPMLK_03081	BPSS2198	272560.BPSL1896	272560.BPSS2198	0.078	0	0.753	0	0.498	0	0	0.130	0.887
EX14915_shovill|IOODPMLK_03081	BPSL1897	272560.BPSL1896	272560.BPSL1897	0.589	0	0.690	0	0.441	0	0	0.058	0.924
EX14915_shovill|IOODPMLK_03176	BPSL3148	272560.BPSS2331	272560.BPSL3148	0.121	0	0.691	0	0	0	0	0.193	0.761
EX14915_shovill|IOODPMLK_03859	rspB	272560.BPSS1476	272560.BPSS1478a	0.408	0	0	0	0	0	0.900	0.100	0.942
EX14915_shovill|IOODPMLK_03859	rspA	272560.BPSS1476	272560.BPSS1478	0.497	0	0.495	0	0	0	0.900	0.148	0.975
EX14915_shovill|IOODPMLK_04188	BPSL0333	272560.BPSS0354	272560.BPSL0333	0	0	0	0	0.054	0	0.900	0	0.901
EX14915_shovill|IOODPMLK_04188	scoB	272560.BPSS0354	272560.BPSL1954	0.045	0	0	0	0.053	0.081	0.900	0.049	0.906
EX14915_shovill|IOODPMLK_04188	scoA	272560.BPSS0354	272560.BPSL1955	0.045	0	0	0	0.042	0	0.900	0.046	0.901
EX14915_shovill|IOODPMLK_04188	BPSL2716	272560.BPSS0354	272560.BPSL2716	0	0	0	0	0	0	0.900	0	0.900
EX14915_shovill|IOODPMLK_04188	BPSS0017	272560.BPSS0354	272560.BPSS0017	0	0	0.046	0.993	0	0	0.900	0	0.900
EX14915_shovill|IOODPMLK_04188	adc	272560.BPSS0354	272560.BPSS0018	0	0	0.595	0	0	0	0.900	0	0.957
EX14915_shovill|IOODPMLK_04529	speG	272560.BPSS0468	272560.BPSL0096	0	0	0	0	0	0	0.900	0	0.900
EX14915_shovill|IOODPMLK_04529	BPSL0110	272560.BPSS0468	272560.BPSL0110	0.047	0	0	0	0	0	0.900	0.084	0.905
EX14915_shovill|IOODPMLK_04529	BPSL1020	272560.BPSS0468	272560.BPSL1020	0.043	0.001	0	0	0	0	0.900	0	0.900
EX14915_shovill|IOODPMLK_04529	BPSL1550	272560.BPSS0468	272560.BPSL1550	0.043	0.001	0	0	0	0	0.900	0	0.900
EX14915_shovill|IOODPMLK_04529	EX14915_shovill|IOODPMLK_05375	272560.BPSS0468	272560.BPSL2335	0	0	0.046	0.993	0	0	0.900	0	0.900
EX14915_shovill|IOODPMLK_04529	BPSL2336	272560.BPSS0468	272560.BPSL2336	0.061	0.099	0.713	0	0	0	0	0	0.736
EX14915_shovill|IOODPMLK_04529	speE	272560.BPSS0468	272560.BPSL2954	0	0	0	0	0	0	0.900	0	0.900
EX14915_shovill|IOODPMLK_04529	BPSS0307	272560.BPSS0468	272560.BPSS0307	0.043	0.001	0	0	0	0	0.900	0	0.900
EX14915_shovill|IOODPMLK_04529	BPSS1151	272560.BPSS0468	272560.BPSS1151	0	0	0	0	0	0	0.900	0	0.900
EX14915_shovill|IOODPMLK_04529	BPSS1466	272560.BPSS0468	272560.BPSS1466	0.043	0	0	0	0	0	0.900	0	0.900
EX14915_shovill|IOODPMLK_04529	BPSS0469	272560.BPSS0468	272560.BPSS0469	0.668	0.099	0.708	0	0	0	0	0	0.905
EX14915_shovill|IOODPMLK_04529	speB	272560.BPSS0468	272560.BPSS0474	0.167	0	0.354	0	0.059	0	0.900	0	0.942
EX14915_shovill|IOODPMLK_04814	phaZ	272560.BPSL1106	272560.BPSL2073	0.054	0	0	0	0	0	0.900	0.090	0.906
EX14915_shovill|IOODPMLK_04814	BPSL2716	272560.BPSL1106	272560.BPSL2716	0	0	0.192	0	0	0	0.900	0	0.915
EX14915_shovill|IOODPMLK_04814	BPSS1954	272560.BPSL1106	272560.BPSS1954	0.102	0	0.562	0	0	0	0.900	0.179	0.963
EX14915_shovill|IOODPMLK_04814	phbC	272560.BPSL1106	272560.BPSL1534	0.102	0	0.649	0	0	0	0.900	0.179	0.970
EX14915_shovill|IOODPMLK_05119	BPSL0063	272560.BPSS0275	272560.BPSL0063	0.117	0.027	0	0	0.723	0.791	0.123	0.129	0.953
EX14915_shovill|IOODPMLK_05119	BPSL0419	272560.BPSS0275	272560.BPSL0419	0.117	0.118	0.199	0	0.723	0.791	0.542	0.129	0.981
EX14915_shovill|IOODPMLK_05119	BPSL0649	272560.BPSS0275	272560.BPSL0649	0.117	0	0.251	0	0.723	0.791	0.542	0.129	0.981
EX14915_shovill|IOODPMLK_05119	BPSL1424	272560.BPSS0275	272560.BPSL1424	0.117	0.089	0.201	0	0.723	0.791	0.123	0.129	0.963
EX14915_shovill|IOODPMLK_05375	speG	272560.BPSL2335	272560.BPSL0096	0	0	0	0	0	0	0.900	0	0.900
EX14915_shovill|IOODPMLK_05375	BPSL0110	272560.BPSL2335	272560.BPSL0110	0.047	0	0	0	0	0	0.900	0.084	0.905
EX14915_shovill|IOODPMLK_05375	BPSL1020	272560.BPSL2335	272560.BPSL1020	0.043	0	0	0	0	0	0.900	0	0.900
EX14915_shovill|IOODPMLK_05375	BPSL1550	272560.BPSL2335	272560.BPSL1550	0.043	0	0	0	0	0	0.900	0	0.900
EX14915_shovill|IOODPMLK_05375	BPSS0469	272560.BPSL2335	272560.BPSS0469	0.061	0.099	0.707	0	0	0	0	0	0.730
EX14915_shovill|IOODPMLK_05375	BPSS1466	272560.BPSL2335	272560.BPSS1466	0.043	0	0	0	0	0	0.900	0	0.900
EX14915_shovill|IOODPMLK_05375	speE	272560.BPSL2335	272560.BPSL2954	0	0	0	0	0	0	0.900	0	0.900
EX14915_shovill|IOODPMLK_05375	EX14915_shovill|IOODPMLK_04529	272560.BPSL2335	272560.BPSS0468	0	0	0.046	0.993	0	0	0.900	0	0.900
EX14915_shovill|IOODPMLK_05375	BPSS0307	272560.BPSL2335	272560.BPSS0307	0.043	0	0	0	0	0	0.900	0	0.900
EX14915_shovill|IOODPMLK_05375	BPSS1151	272560.BPSL2335	272560.BPSS1151	0	0	0	0	0	0	0.900	0	0.900
EX14915_shovill|IOODPMLK_05375	BPSL2336	272560.BPSL2335	272560.BPSL2336	0.671	0.099	0.712	0	0	0	0	0	0.907
EX14915_shovill|IOODPMLK_05375	speB	272560.BPSL2335	272560.BPSS0474	0	0	0.353	0	0.059	0	0.900	0	0.933
EX14915_shovill|IOODPMLK_05681	BPSL0320	272560.BPSL0840	272560.BPSL0320	0.122	0	0.157	0	0	0	0.900	0.186	0.931
EX14915_shovill|IOODPMLK_05681	BPSL0818	272560.BPSL0840	272560.BPSL0818	0.077	0	0.245	0	0	0	0.900	0.441	0.955
EX14915_shovill|IOODPMLK_05681	scrK	272560.BPSL0840	272560.BPSL0827	0.063	0	0	0	0	0	0.900	0.265	0.925
EX14915_shovill|IOODPMLK_05681	dalK	272560.BPSL0840	272560.BPSL0839	0.533	0	0.518	0	0	0	0.900	0.437	0.985
EX14915_shovill|IOODPMLK_05681	BPSS1235	272560.BPSL0840	272560.BPSS1235	0.073	0	0	0	0	0	0.900	0.100	0.909
EX14915_shovill|IOODPMLK_05681	BPSS0542	272560.BPSL0840	272560.BPSS0542	0	0	0	0	0	0	0.900	0.139	0.910
EX14915_shovill|IOODPMLK_05681	BPSS2026	272560.BPSL0840	272560.BPSS2026	0.077	0	0	0	0	0	0.900	0.441	0.943
EX14915_shovill|IOODPMLK_05681	xylB	272560.BPSL0840	272560.BPSS1238	0.077	0	0.463	0	0	0	0.900	0.437	0.968
adc	BPSL0333	272560.BPSS0018	272560.BPSL0333	0	0	0.155	0	0	0	0.900	0	0.911
adc	scoB	272560.BPSS0018	272560.BPSL1954	0.119	0	0	0	0	0	0.900	0.128	0.916
adc	scoA	272560.BPSS0018	272560.BPSL1955	0.119	0	0	0	0	0	0.900	0.215	0.924
adc	BPSS0017	272560.BPSS0018	272560.BPSS0017	0.628	0	0.595	0	0	0	0.900	0	0.983
adc	EX14915_shovill|IOODPMLK_04188	272560.BPSS0018	272560.BPSS0354	0	0	0.595	0	0	0	0.900	0	0.957
dalK	BPSS1235	272560.BPSL0839	272560.BPSS1235	0.061	0	0.197	0	0.097	0	0.900	0.075	0.925
dalK	EX14915_shovill|IOODPMLK_05681	272560.BPSL0839	272560.BPSL0840	0.533	0	0.518	0	0	0	0.900	0.437	0.985
phaZ	EX14915_shovill|IOODPMLK_04814	272560.BPSL2073	272560.BPSL1106	0.054	0	0	0	0	0	0.900	0.090	0.906
phaZ	phbC	272560.BPSL2073	272560.BPSL1534	0	0	0	0	0	0	0.900	0.124	0.908
phaZ	BPSL2716	272560.BPSL2073	272560.BPSL2716	0	0	0	0	0	0	0.900	0.087	0.904
phaZ	BPSS1954	272560.BPSL2073	272560.BPSS1954	0	0	0	0	0	0	0.900	0.124	0.908
phbC	BPSL0063	272560.BPSL1534	272560.BPSL0063	0	0	0	0	0	0	0.900	0.227	0.919
phbC	EX14915_shovill|IOODPMLK_04814	272560.BPSL1534	272560.BPSL1106	0.102	0	0.649	0	0	0	0.900	0.179	0.970
phbC	EX14915_shovill|IOODPMLK_00870	272560.BPSL1534	272560.BPSS2281	0.102	0	0.690	0	0	0	0	0.179	0.751
phbC	phaZ	272560.BPSL1534	272560.BPSL2073	0	0	0	0	0	0	0.900	0.124	0.908
phbC	BPSS1954	272560.BPSL1534	272560.BPSS1954	0	0	0.201	0.781	0	0	0.900	0	0.916
rspA	EX14915_shovill|IOODPMLK_03859	272560.BPSS1478	272560.BPSS1476	0.497	0	0.495	0	0	0	0.900	0.148	0.975
rspB	EX14915_shovill|IOODPMLK_03859	272560.BPSS1478a	272560.BPSS1476	0.408	0	0	0	0	0	0.900	0.100	0.942
scoA	BPSL0063	272560.BPSL1955	272560.BPSL0063	0.178	0	0	0	0.179	0	0.900	0.223	0.940
scoA	BPSL0333	272560.BPSL1955	272560.BPSL0333	0.122	0	0	0	0.272	0	0.900	0.129	0.936
scoA	BPSL0649	272560.BPSL1955	272560.BPSL0649	0.178	0	0	0	0.179	0	0.900	0.223	0.940
scoA	BPSL1424	272560.BPSL1955	272560.BPSL1424	0.178	0	0	0	0.179	0	0.900	0.223	0.940
scoA	scoB	272560.BPSL1955	272560.BPSL1954	0.792	0.900	0.774	0	0.645	0.739	0.900	0.571	0.999
scoA	BPSS0017	272560.BPSL1955	272560.BPSS0017	0.045	0	0	0	0.042	0	0.900	0.046	0.901
scoA	EX14915_shovill|IOODPMLK_04188	272560.BPSL1955	272560.BPSS0354	0.045	0	0	0	0.042	0	0.900	0.046	0.901
scoA	adc	272560.BPSL1955	272560.BPSS0018	0.119	0	0	0	0	0	0.900	0.215	0.924
scoB	BPSL0063	272560.BPSL1954	272560.BPSL0063	0.178	0	0	0	0.253	0.082	0.900	0.224	0.948
scoB	BPSL0333	272560.BPSL1954	272560.BPSL0333	0.122	0	0	0	0.249	0	0.900	0.127	0.934
scoB	BPSL0649	272560.BPSL1954	272560.BPSL0649	0.178	0	0	0	0.253	0.082	0.900	0.224	0.948
scoB	BPSL1424	272560.BPSL1954	272560.BPSL1424	0.178	0	0	0	0.253	0.082	0.900	0.224	0.948
scoB	BPSS0017	272560.BPSL1954	272560.BPSS0017	0.045	0	0	0	0.053	0.081	0.900	0.049	0.906
scoB	EX14915_shovill|IOODPMLK_04188	272560.BPSL1954	272560.BPSS0354	0.045	0	0	0	0.053	0.081	0.900	0.049	0.906
scoB	adc	272560.BPSL1954	272560.BPSS0018	0.119	0	0	0	0	0	0.900	0.128	0.916
scoB	scoA	272560.BPSL1954	272560.BPSL1955	0.792	0.900	0.774	0	0.645	0.739	0.900	0.571	0.999
scrK	BPSL0320	272560.BPSL0827	272560.BPSL0320	0	0	0.224	0.614	0	0	0.900	0.060	0.920
scrK	BPSS0542	272560.BPSL0827	272560.BPSS0542	0.077	0	0	0	0.078	0	0.900	0.128	0.915
scrK	EX14915_shovill|IOODPMLK_05681	272560.BPSL0827	272560.BPSL0840	0.063	0	0	0	0	0	0.900	0.265	0.925
speB	speG	272560.BPSS0474	272560.BPSL0096	0	0	0	0	0	0	0.900	0.087	0.904
speB	BPSL0110	272560.BPSS0474	272560.BPSL0110	0.079	0	0	0	0.057	0.083	0.908	0.129	0.924
speB	EX14915_shovill|IOODPMLK_05375	272560.BPSS0474	272560.BPSL2335	0	0	0.353	0	0.059	0	0.900	0	0.933
speB	speE	272560.BPSS0474	272560.BPSL2954	0.078	0	0	0	0.261	0	0.900	0.181	0.936
speB	EX14915_shovill|IOODPMLK_04529	272560.BPSS0474	272560.BPSS0468	0.167	0	0.354	0	0.059	0	0.900	0	0.942
speB	BPSS1151	272560.BPSS0474	272560.BPSS1151	0.078	0	0	0	0.261	0	0.900	0.132	0.932
speE	speG	272560.BPSL2954	272560.BPSL0096	0.043	0	0	0	0	0	0.900	0.180	0.914
speE	BPSL0110	272560.BPSL2954	272560.BPSL0110	0.076	0	0	0	0.260	0	0.900	0.231	0.940
speE	EX14915_shovill|IOODPMLK_05375	272560.BPSL2954	272560.BPSL2335	0	0	0	0	0	0	0.900	0	0.900
speE	EX14915_shovill|IOODPMLK_04529	272560.BPSL2954	272560.BPSS0468	0	0	0	0	0	0	0.900	0	0.900
speE	BPSS1151	272560.BPSL2954	272560.BPSS1151	0	0	0.243	0.611	0	0	0.900	0.061	0.922
speE	speB	272560.BPSL2954	272560.BPSS0474	0.078	0	0	0	0.261	0	0.900	0.181	0.936
speG	BPSL0110	272560.BPSL0096	272560.BPSL0110	0.043	0	0	0	0	0	0.900	0	0.900
speG	EX14915_shovill|IOODPMLK_04529	272560.BPSL0096	272560.BPSS0468	0	0	0	0	0	0	0.900	0	0.900
speG	EX14915_shovill|IOODPMLK_05375	272560.BPSL0096	272560.BPSL2335	0	0	0	0	0	0	0.900	0	0.900
speG	BPSS1151	272560.BPSL0096	272560.BPSS1151	0.043	0	0	0	0	0	0.900	0.045	0.900
speG	speB	272560.BPSL0096	272560.BPSS0474	0	0	0	0	0	0	0.900	0.087	0.904
speG	speE	272560.BPSL0096	272560.BPSL2954	0.043	0	0	0	0	0	0.900	0.180	0.914
xylB	EX14915_shovill|IOODPMLK_05681	272560.BPSS1238	272560.BPSL0840	0.077	0	0.463	0	0	0	0.900	0.437	0.968
xylB	BPSS1235	272560.BPSS1238	272560.BPSS1235	0.777	0	0.224	0	0.097	0	0.900	0.075	0.983
